annee,point,lignes,taille_ko,duree_s
2022,DIS-00191_entry,8736,3177.318359375,15.02504559996305
2022,DIS-00192_entry,8486,3088.451171875,5.061496799986344
2022,FNC-00033_entry,8735,3735.6025390625,3.7376093000057153
2022,FNC-00034_entry,8735,3735.6025390625,3.496294600015972
2022,FNC-00035_entry,8735,3633.2392578125,3.643835900002159
2022,ITP-00038_entry,8736,3643.841796875,16.917922299995553
2022,ITP-00061_entry,8736,3670.50390625,8.414872900000773
2022,ITP-00088_entry,0,0.0,0.0
2022,ITP-00101_entry,0,0.0,0.0
2022,ITP-00106_entry,8736,3856.4501953125,7.533051499980502
2022,ITP-00110_entry,0,0.0,0.0
2022,ITP-00112_entry,2111,936.4375,5.040908399969339
2022,ITP-00113_entry,0,0.0,0.0
2022,ITP-00114_entry,0,0.0,0.0
2022,ITP-00115_entry,8736,3822.458984375,32.10343089996604
2022,ITP-00147_entry,0,0.0,0.0
2022,ITP-00258_entry,0,0.0,0.0
2022,ITP-00289_entry,8736,3267.927734375,6.797365100006573
2022,ITP-00290_entry,8736,3294.08984375,7.344253299990669
2022,ITP-00519_entry,8735,3360.2705078125,3.136740699992515
2022,ITP-00526_entry,8736,3618.248046875,8.158787799999118
2022,ITP-00542_entry,2159,898.63671875,5.055066900036763
2022,ITP-00555_entry,8736,3558.458984375,6.178720900032204
2022,ITP-00614_entry,6577,2698.056640625,2.946875200024806
2022,ITP-00648_entry,0,0.0,0.0
2022,LNG-00005_entry,0,0.0,0.0
2022,LNG-00017_entry,8736,3479.4541015625,9.8054673000006
2022,UGS-00002_entry,8736,3091.2529296875,9.218215000000782
2022,VTP-00029_entry,0,0.0,0.0
2022,DIS-00191_exit,8736,3213.34765625,7.948615800007246
2022,DIS-00192_exit,8736,3210.318359375,8.903827100002673
2022,FNC-00033_exit,8736,3612.412109375,8.04930269997567
2022,FNC-00034_exit,8736,3603.880859375,5.524394900014158
2022,FNC-00035_exit,8736,3561.5166015625,6.519645499996841
2022,ITP-00038_exit,8736,3583.583984375,5.560475900012534
2022,ITP-00061_exit,8736,3601.7763671875,6.252298700041138
2022,ITP-00088_exit,0,0.0,0.0
2022,ITP-00101_exit,0,0.0,0.0
2022,ITP-00106_exit,8736,3779.802734375,13.537103699985892
2022,ITP-00110_exit,0,0.0,0.0
2022,ITP-00112_exit,2159,967.947265625,4.741048700001556
2022,ITP-00113_exit,0,0.0,0.0
2022,ITP-00114_exit,0,0.0,0.0
2022,ITP-00115_exit,8736,3840.7919921875,11.342029899999034
2022,ITP-00147_exit,0,0.0,0.0
2022,ITP-00159_exit,0,0.0,0.0
2022,ITP-00159_exit,0,0.0,0.0
2022,ITP-00258_exit,0,0.0,0.0
2022,ITP-00289_exit,8736,3277.02734375,9.815300499962177
2022,ITP-00290_exit,8736,3250.865234375,5.259715399995912
2022,ITP-00519_exit,8735,3343.2099609375,3.069210799993016
2022,ITP-00526_exit,8736,3550.859375,16.340960999950767
2022,ITP-00542_exit,2159,908.5986328125,7.9271509000100195
2022,ITP-00555_exit,8736,3598.29296875,6.904888900055084
2022,ITP-00614_exit,6577,2730.1708984375,3.8758889000164345
2022,ITP-00648_exit,0,0.0,0.0
2022,LNG-00005_exit,0,0.0,0.0
2022,LNG-00017_exit,8736,3404.427734375,8.038763899996411
2022,UGS-00002_exit,8736,3080.1279296875,9.881626099988353
2022,VTP-00029_exit,0,0.0,0.0
