,pointKey,pointLabel,operatorKey,tsoEicCode,operatorLabel,directionKey,validFrom,validTo,hasData,isVirtualizedCommercially,virtualizedCommerciallySince,isVirtualizedOperationally,virtualizedOperationallySince,isPipeInPipe,relatedOperators,relatedPoints,pipeInPipeWithTsoKey,pipeInPipeWithTsoLabel,isDoubleReporting,doubleReportingWithTsoKey,doubleReportingWithTsoLabel,tsoItemIdentifier,tpTsoItemLabel,tpTsoValidFrom,tpTsoValidTo,tpTsoRemarks,tpTsoConversionFactor,tpRmkGridConversionFactorCapacityDefault,tpTsoGCVMin,tpTsoGCVMax,tpTsoGCVRemarks,tpTsoGCVUnit,tpTsoEntryExitType,multiAnnualContractsIsAvailable,multiAnnualContractsRemarks,annualContractsIsAvailable,annualContractsRemarks,halfAnnualContractsIsAvailable,halfAnnualContractsRemarks,quarterlyContractsIsAvailable,quarterlyContractsRemarks,monthlyContractsIsAvailable,monthlyContractsRemarks,dailyContractsIsAvailable,dailyContractsRemarks,dayAheadContractsIsAvailable,dayAheadContractsRemarks,availableContractsRemarks,sentenceCMPUnsuccessful,sentenceCMPUnavailable,sentenceCMPAuction,sentenceCMPMadeAvailable,lastUpdateDateTime,isInvalid,isCAMRelevant,isCMPRelevant,bookingPlatformKey,bookingPlatformLabel,bookingPlatformURL,virtualReverseFlow,virtualReverseFlowRemark,tSOCountry,tSOBalancingZone,crossBorderPointType,eURelationship,connectedOperators,adjacentTsoEic,adjacentOperatorKey,adjacentCountry,pointType,idPointType,adjacentZones,id,dataSet,virtualPointKey,virtualPointLabel,pointId
0,DIS-00191,Distribution (BE) H-zone,BE-TSO-0001,21X-BE-A-A0A0A-Y,Fluxys Belgium,entry,,,True,False,,False,,False,,,,,,,,21Y0000000000484,Distribution H-Zone,2000-01-01,2099-12-31,,1.000000,,11.300000,11.300000,,kWh/Nm³,,False,,True,,False,,True,,True,,True,,True,,,Currently there are no request for firm capacity products on this point with a duration of one month or longer that weren't successfully fulfilled.,Currently firm products with a duration of one month or longer are offered on this point in the regular allocation process.,Currently there are no firm capacity products on this point with a duration of one month or longer auctioned having cleared with an auction premium.,Currently no capacity has been made available on this point through the application of the congestion-management procedures.,2026-10-02T17:10:40+02:00,False,False,False,,,,No,,BE,BeLux,In-country EU,within EU,,,,BE,Distribution Point,17,,5BE-TSO-0001DIS-00191entry,5,,,be-tso-0001dis-00191entry
1,DIS-00192,Distribution (BE) L-zone,BE-TSO-0001,21X-BE-A-A0A0A-Y,Fluxys Belgium,entry,,,True,False,,False,,False,,,,,,,,21Y0000000000476,Distribution L-Zone,2000-01-01,2024-08-31,,1.000000,,11.300000,11.300000,,kWh/Nm³,,False,,True,,False,,True,,True,,True,,True,,,Currently there are no request for firm capacity products on this point with a duration of one month or longer that weren't successfully fulfilled.,Currently firm products with a duration of one month or longer are offered on this point in the regular allocation process.,Currently there are no firm capacity products on this point with a duration of one month or longer auctioned having cleared with an auction premium.,Currently no capacity has been made available on this point through the application of the congestion-management procedures.,2026-10-02T17:10:40+02:00,False,False,False,,,,No,,BE,L-Zone,In-country EU,within EU,,,,BE,Distribution Point,17,,5BE-TSO-0001DIS-00192entry,5,,,be-tso-0001dis-00192entry
2,FNC-00033,Final consumers (BE) (Fluxys) Industrial clients H-zone,BE-TSO-0001,21X-BE-A-A0A0A-Y,Fluxys Belgium,entry,,,True,False,,False,,False,,,,,,,,21Y0000000000468,Industrial clients H-zone,2000-01-01,2099-12-31,,1.000000,,11.300000,11.300000,,kWh/Nm³,,False,,True,,False,,True,,True,,True,,True,,,Currently there are no request for firm capacity products on this point with a duration of one month or longer that weren't successfully fulfilled.,Currently firm products with a duration of one month or longer are offered on this point in the regular allocation process.,Currently there are no firm capacity products on this point with a duration of one month or longer auctioned having cleared with an auction premium.,Currently no capacity has been made available on this point through the application of the congestion-management procedures.,2026-10-02T17:10:40+02:00,False,False,False,,,,No,,BE,BeLux,In-country EU,within EU,,,,BE,Aggregated Point - Final Consumers,18,,5BE-TSO-0001FNC-00033entry,5,,,be-tso-0001fnc-00033entry
3,FNC-00034,Final consumers (BE) (Fluxys) Industrial clients L-zone,BE-TSO-0001,21X-BE-A-A0A0A-Y,Fluxys Belgium,entry,,,True,False,,False,,False,,,,,,,,21Y000000000045A,Industrial clients L-zone,2000-01-01,2024-08-31,,1.000000,,11.300000,11.300000,,kWh/Nm³,,False,,True,,False,,True,,True,,True,,True,,,Currently there are no request for firm capacity products on this point with a duration of one month or longer that weren't successfully fulfilled.,Currently firm products with a duration of one month or longer are offered on this point in the regular allocation process.,Currently there are no firm capacity products on this point with a duration of one month or longer auctioned having cleared with an auction premium.,Currently no capacity has been made available on this point through the application of the congestion-management procedures.,2026-10-02T17:10:40+02:00,False,False,False,,,,No,,BE,L-Zone,In-country EU,within EU,,,,BE,Aggregated Point - Final Consumers,18,,5BE-TSO-0001FNC-00034entry,5,,,be-tso-0001fnc-00034entry
4,FNC-00035,Final consumers (BE) (Fluxys) Power Plants H-zone,BE-TSO-0001,21X-BE-A-A0A0A-Y,Fluxys Belgium,entry,,,True,False,,False,,False,,,,,,,,21Y000000000044C,Power Plants H-zone,2000-01-01,2099-12-31,,1.000000,,11.300000,11.300000,,kWh/Nm³,,False,,True,,False,,True,,True,,True,,True,,,Currently there are no request for firm capacity products on this point with a duration of one month or longer that weren't successfully fulfilled.,Currently firm products with a duration of one month or longer are offered on this point in the regular allocation process.,Currently there are no firm capacity products on this point with a duration of one month or longer auctioned having cleared with an auction premium.,Currently no capacity has been made available on this point through the application of the congestion-management procedures.,2026-10-02T17:10:40+02:00,False,False,False,,,,No,,BE,BeLux,In-country EU,within EU,,,,BE,Aggregated Point - Final Consumers,18,,5BE-TSO-0001FNC-00035entry,5,,,be-tso-0001fnc-00035entry
5,ITP-00038,Hilvarenbeek,BE-TSO-0001,21X-BE-A-A0A0A-Y,Fluxys Belgium,entry,,,True,True,2023-04-01,True,2023-04-01,False,,,,,False,,,21Z000000000243T,Hilvarenbeek,2000-01-01,2023-04-01,Result of the merger of Hilvarenbeek and Hilvarenbeek/Zandvliet-L (NL) / Hilvarenbeek (BE),1.000000,,11.300000,11.300000,,kWh/Nm³,,False,,True,,False,,True,,True,,True,,True,,,Currently there are no request for firm capacity products on this point with a duration of one month or longer that weren't successfully fulfilled.,Currently firm products with a duration of one month or longer are offered on this point in the regular allocation process.,Currently there are no firm capacity products on this point with a duration of one month or longer auctioned having cleared with an auction premium.,Currently no capacity has been made available on this point through the application of the congestion-management procedures.,2026-10-02T17:10:40+02:00,False,True,True,PRISMA,PRISMA,https://platform.prisma-capacity.eu/,No,,BE,L-Zone,Cross-Border EU|EU,within EU,GTS,21X-NL-A-A0A0A-Z,NL-TSO-0001,NL,Cross-Border Transmission IP within EU,0,Netherlands,5BE-TSO-0001ITP-00038entryNL-TSO-0001,5,ITP-00648,VIP BENE-L,be-tso-0001itp-00038entry
6,ITP-00061,Zeebrugge IZT,BE-TSO-0001,21X-BE-A-A0A0A-Y,Fluxys Belgium,entry,,,True,False,,False,,False,,,,,,,,21Z0000000000074,Zeebrugge IZT,2000-01-01,2099-12-31,,1.000000,,11.300000,11.300000,,kWh/Nm³,,False,,True,,False,,True,,True,,True,,True,,,Currently there are no request for firm capacity products on this point with a duration of one month or longer that weren't successfully fulfilled.,Currently firm products with a duration of one month or longer are offered on this point in the regular allocation process.,Currently there are no firm capacity products on this point with a duration of one month or longer auctioned having cleared with an auction premium.,Currently no capacity has been made available on this point through the application of the congestion-management procedures.,2026-10-02T17:10:40+02:00,False,True,True,PRISMA,PRISMA,https://platform.prisma-capacity.eu/,No,,BE,BeLux,Cross-Border EU|EU,Non-EU,Interconnector,21X-GB-B-A0A0A-Z,UK-TSO-0003,UK,Cross-Border Transmission IP between EU and ExtEU,23,IUK,5BE-TSO-0001ITP-00061entryUK-TSO-0003,5,,,be-tso-0001itp-00061entry
7,ITP-00088,Zandvliet H-gas,BE-TSO-0001,21X-BE-A-A0A0A-Y,Fluxys Belgium,entry,,,True,False,,False,,False,,,,,,,,21Z0000000001062,Zandvliet H,2000-01-01,2020-03-31,,1.000000,,11.300000,11.300000,,kWh/Nm³,,False,,True,,False,,True,,True,,True,,True,,,Currently there are no request for firm capacity products on this point with a duration of one month or longer that weren't successfully fulfilled.,Currently firm products with a duration of one month or longer are offered on this point in the regular allocation process.,Currently there are no firm capacity products on this point with a duration of one month or longer auctioned having cleared with an auction premium.,Currently no capacity has been made available on this point through the application of the congestion-management procedures.,2026-10-02T17:10:40+02:00,False,False,False,,,,No,,BE,BeLux,Cross-Border EU|EU,within EU,GTS,21X-NL-A-A0A0A-Z,NL-TSO-0001,NL,Cross-Border Transmission IP within EU,0,Netherlands,5BE-TSO-0001ITP-00088entryNL-TSO-0001,5,ITP-00555,VIP BENE,be-tso-0001itp-00088entry
8,ITP-00101,Zelzate,BE-TSO-0001,21X-BE-A-A0A0A-Y,Fluxys Belgium,entry,,,True,False,,False,,False,,,,,,,,21Z000000000019Y,Zelzate 1,2000-01-01,2020-03-31,,1.000000,,11.300000,11.300000,,kWh/Nm³,,False,,True,,False,,True,,True,,True,,True,,,Currently there are no request for firm capacity products on this point with a duration of one month or longer that weren't successfully fulfilled.,Currently firm products with a duration of one month or longer are offered on this point in the regular allocation process.,Currently there are no firm capacity products on this point with a duration of one month or longer auctioned having cleared with an auction premium.,Currently no capacity has been made available on this point through the application of the congestion-management procedures.,2026-10-02T17:10:40+02:00,False,False,False,,,,No,,BE,BeLux,Cross-Border EU|EU,within EU,GTS,21X-NL-A-A0A0A-Z,NL-TSO-0001,NL,Cross-Border Transmission IP within EU,0,Netherlands,5BE-TSO-0001ITP-00101entryNL-TSO-0001,5,,,be-tso-0001itp-00101entry
9,ITP-00106,Zeebrugge ZPT,BE-TSO-0001,21X-BE-A-A0A0A-Y,Fluxys Belgium,entry,,,True,False,,False,,False,,,,,,,,21Z000000000046V,Zeebrugge ZPT,2000-01-01,2099-12-31,,1.000000,,11.300000,11.300000,,kWh/Nm³,,True,,True,,True,,True,,True,,True,,True,,,Currently there are no request for firm capacity products on this point with a duration of one month or longer that weren't successfully fulfilled.,Currently firm products with a duration of one month or longer are offered on this point in the regular allocation process.,Currently there are no firm capacity products on this point with a duration of one month or longer auctioned having cleared with an auction premium.,Currently no capacity has been made available on this point through the application of the congestion-management procedures.,2026-10-02T17:10:40+02:00,False,False,False,PRISMA,PRISMA,https://platform.prisma-capacity.eu/,No,,BE,BeLux,Cross-Border EU|Non-EU,between EU and Non-EU,Gassco,                ,NO-TSO-0001,NO,Cross-Border Transmission IP between EU and Non-EU (import),1,,5BE-TSO-0001ITP-00106entryNO-TSO-0001,5,,,be-tso-0001itp-00106entry
10,ITP-00110,Zelzate (Zebra Pijpleiding),BE-TSO-0001,21X-BE-A-A0A0A-Y,Fluxys Belgium,entry,,,True,False,,False,,False,,,,,,,,21Z0000000000171,Zelzate 2,2000-01-01,2020-12-31,,1.000000,,11.300000,11.300000,,kWh/Nm³,,True,,True,,True,,True,,True,,True,,True,,,Currently there are no request for firm capacity products on this point with a duration of one month or longer that weren't successfully fulfilled.,Currently firm products with a duration of one month or longer are offered on this point in the regular allocation process.,Currently there are no firm capacity products on this point with a duration of one month or longer auctioned having cleared with an auction premium.,Currently no capacity has been made available on this point through the application of the congestion-management procedures.,2026-10-02T17:10:40+02:00,False,False,False,PRISMA,PRISMA,https://platform.prisma-capacity.eu/,No,,BE,BeLux,Cross-Border EU|EU,within EU,GTS,21X-NL-A-A0A0A-Z,NL-TSO-0001,NL,Cross-Border Transmission IP within EU,0,Netherlands,5BE-TSO-0001ITP-00110entryNL-TSO-0001,5,,,be-tso-0001itp-00110entry
11,ITP-00112,Eynatten 1 (BE) // Lichtenbusch / Raeren (DE),BE-TSO-0001,21X-BE-A-A0A0A-Y,Fluxys Belgium,entry,,,True,False,,False,,False,,,,,,,,21Z0000000000155,Eynatten 1,2000-01-01,2022-03-31,,1.000000,,11.300000,11.300000,,kWh/Nm³,,False,,True,,False,,True,,True,,True,,True,,,Currently there are no request for firm capacity products on this point with a duration of one month or longer that weren't successfully fulfilled.,Currently firm products with a duration of one month or longer are offered on this point in the regular allocation process.,Currently there are no firm capacity products on this point with a duration of one month or longer auctioned having cleared with an auction premium.,Currently no capacity has been made available on this point through the application of the congestion-management procedures.,2026-10-02T17:10:40+02:00,False,True,True,PRISMA,PRISMA,https://platform.prisma-capacity.eu/,No,,BE,BeLux,Cross-Border EU|EU,within EU,GASCADE,21X-DE-H-A0A0A-L,DE-TSO-0001,DE,Cross-Border Transmission IP within EU,0,DE THE BZ,5BE-TSO-0001ITP-00112entryDE-TSO-0001,5,,,be-tso-0001itp-00112entry
12,ITP-00113,GDLux (BE) / Bras Petange (LU),BE-TSO-0001,21X-BE-A-A0A0A-Y,Fluxys Belgium,entry,,,True,False,,False,,False,,,,,,,,21Z0000000001070,GDLux,2000-01-01,2099-12-31,,1.000000,,11.300000,11.300000,,kWh/Nm³,,True,,True,,True,,True,,True,,True,,True,,,Currently there are no request for firm capacity products on this point with a duration of one month or longer that weren't successfully fulfilled.,Currently firm products with a duration of one month or longer are offered on this point in the regular allocation process.,Currently there are no firm capacity products on this point with a duration of one month or longer auctioned having cleared with an auction premium.,Currently no capacity has been made available on this point through the application of the congestion-management procedures.,2026-10-02T17:10:40+02:00,False,False,False,,,,No,,BE,BeLux,Cross-Border EU|EU,within EU,Creos,21X000000001333E,LU-TSO-0001,LU,Transmission Point,5,BeLux,5BE-TSO-0001ITP-00113entryLU-TSO-0001,5,,,be-tso-0001itp-00113entry
13,ITP-00114,Blaregnies (BE) / Taisnières (H) (FR) (Segeo),BE-TSO-0001,21X-BE-A-A0A0A-Y,Fluxys Belgium,entry,,,True,True,2017-12-01,True,2017-12-01,False,,,,,False,,,21Z000000000012B,Blaregnies Segeo,2000-01-01,2017-11-30,,1.000000,,11.300000,11.300000,,kWh/Nm³,,False,,True,,False,,True,,True,,True,,True,,,Currently there are no request for firm capacity products on this point with a duration of one month or longer that weren't successfully fulfilled.,Currently firm products with a duration of one month or longer are offered on this point in the regular allocation process.,Currently there are no firm capacity products on this point with a duration of one month or longer auctioned having cleared with an auction premium.,Currently no capacity has been made available on this point through the application of the congestion-management procedures.,2026-10-02T17:10:40+02:00,False,False,False,,,,No,,BE,BeLux,Cross-Border EU|EU,within EU,NaTran,21X-FR-A-A0A0A-S,FR-TSO-0003,FR,Cross-Border Transmission IP within EU,0,TRF,5BE-TSO-0001ITP-00114entryFR-TSO-0003,5,,,be-tso-0001itp-00114entry
14,ITP-00115,Blaregnies L (BE) / Taisnières B (FR),BE-TSO-0001,21X-BE-A-A0A0A-Y,Fluxys Belgium,entry,,,True,False,,False,,False,,,,,,,,21Z000000000011D,Blaregnies L,2000-01-01,2099-12-31,,1.000000,,11.300000,11.300000,,kWh/Nm³,,False,,True,,False,,True,,True,,True,,True,,,Currently there are no request for firm capacity products on this point with a duration of one month or longer that weren't successfully fulfilled.,Currently firm products with a duration of one month or longer are offered on this point in the regular allocation process.,Currently there are no firm capacity products on this point with a duration of one month or longer auctioned having cleared with an auction premium.,Currently no capacity has been made available on this point through the application of the congestion-management procedures.,2026-10-02T17:10:40+02:00,False,True,False,PRISMA,PRISMA,https://platform.prisma-capacity.eu/,Yes,,BE,L-Zone,Cross-Border EU|EU,within EU,NaTran,21X-FR-A-A0A0A-S,FR-TSO-0003,FR,Cross-Border Transmission IP within EU,0,TRF,5BE-TSO-0001ITP-00115entryFR-TSO-0003,5,,,be-tso-0001itp-00115entry
15,ITP-00147,Blaregnies (H) (BE) / Taisnières (H) (FR) (Troll),BE-TSO-0001,21X-BE-A-A0A0A-Y,Fluxys Belgium,entry,,,True,True,2017-12-01,True,2017-12-01,False,,,,,False,,,21Z000000000010F,Blaregnies Troll,2000-01-01,2017-11-30,,1.000000,,11.300000,11.300000,,kWh/Nm³,,False,,True,,False,,True,,True,,True,,True,,,Currently there are no request for firm capacity products on this point with a duration of one month or longer that weren't successfully fulfilled.,Currently firm products with a duration of one month or longer are offered on this point in the regular allocation process.,Currently there are no firm capacity products on this point with a duration of one month or longer auctioned having cleared with an auction premium.,Currently no capacity has been made available on this point through the application of the congestion-management procedures.,2026-10-02T17:10:40+02:00,False,False,False,,,,No,,BE,BeLux,Cross-Border EU|EU,within EU,NaTran,21X-FR-A-A0A0A-S,FR-TSO-0003,FR,Cross-Border Transmission IP within EU,0,TRF,5BE-TSO-0001ITP-00147entryFR-TSO-0003,5,,,be-tso-0001itp-00147entry
16,ITP-00258,'s Gravenvoeren Dilsen (BE) // 's Gravenvoeren/Obbicht (NL),BE-TSO-0001,21X-BE-A-A0A0A-Y,Fluxys Belgium,entry,,,True,False,,False,,False,,,,,,,,21Z000000000169F,'s Gravenvoeren,2000-01-01,2020-03-31,,1.000000,,11.300000,11.300000,,kWh/Nm³,,False,,True,,False,,True,,True,,True,,True,,,Currently there are no request for firm capacity products on this point with a duration of one month or longer that weren't successfully fulfilled.,Currently firm products with a duration of one month or longer are offered on this point in the regular allocation process.,Currently there are no firm capacity products on this point with a duration of one month or longer auctioned having cleared with an auction premium.,Currently no capacity has been made available on this point through the application of the congestion-management procedures.,2026-10-02T17:10:40+02:00,False,False,False,,,,No,,BE,BeLux,Cross-Border EU|EU,within EU,GTS,21X-NL-A-A0A0A-Z,NL-TSO-0001,NL,Cross-Border Transmission IP within EU,0,Netherlands,5BE-TSO-0001ITP-00258entryNL-TSO-0001,5,,,be-tso-0001itp-00258entry
17,ITP-00289,BE Quality Conversion Point H-Zone,BE-TSO-0001,21X-BE-A-A0A0A-Y,Fluxys Belgium,entry,,,True,False,,False,,False,,,,,True,BE-TSO-0001/ITP-00290,Fluxys BelgiumBE Quality Conversion Point L-Zone,21Z000000000246N,Quality Conversion H,2000-01-01,2099-12-31,,1.000000,,11.300000,11.300000,,kWh/Nm³,,True,,True,,True,,True,,True,,True,,True,,,Currently there are no request for firm capacity products on this point with a duration of one month or longer that weren't successfully fulfilled.,Currently firm products with a duration of one month or longer are offered on this point in the regular allocation process.,Currently there are no firm capacity products on this point with a duration of one month or longer auctioned having cleared with an auction premium.,Currently no capacity has been made available on this point through the application of the congestion-management procedures.,2026-10-02T17:10:40+02:00,False,False,False,,,,No,,BE,BeLux,In-country EU,within EU,,,,BE,Transmission Point,5,L-Zone,5BE-TSO-0001ITP-00289entry,5,,,be-tso-0001itp-00289entry
18,ITP-00290,BE Quality Conversion Point L-Zone,BE-TSO-0001,21X-BE-A-A0A0A-Y,Fluxys Belgium,entry,,,True,False,,False,,False,,,,,,,,21Z000000000245P,Quality Conversion L,2000-01-01,2099-12-31,,1.000000,,11.300000,11.300000,,kWh/Nm³,,True,,True,,True,,True,,True,,True,,True,,,Currently there are no request for firm capacity products on this point with a duration of one month or longer that weren't successfully fulfilled.,Currently firm products with a duration of one month or longer are offered on this point in the regular allocation process.,Currently there are no firm capacity products on this point with a duration of one month or longer auctioned having cleared with an auction premium.,Currently no capacity has been made available on this point through the application of the congestion-management procedures.,2026-10-02T17:10:40+02:00,False,False,False,,,,No,,BE,L-Zone,In-country EU,within EU,,,,BE,Transmission Point,5,BeLux,5BE-TSO-0001ITP-00290entry,5,,,be-tso-0001itp-00290entry
19,ITP-00519,Dunkerque DKB (BE),BE-TSO-0001,21X-BE-A-A0A0A-Y,Fluxys Belgium,entry,,,True,False,,False,,False,,,,,,,,22Z20150428----L,Dunkirk LNG Terminal,2016-11-23,2099-12-31,,1.000000,,11.300000,11.300000,,kWh/Nm³,,False,,True,,False,,True,,True,,True,,True,,,Currently there are no request for firm capacity products on this point with a duration of one month or longer that weren't successfully fulfilled.,Currently firm products with a duration of one month or longer are offered on this point in the regular allocation process.,Currently there are no firm capacity products on this point with a duration of one month or longer auctioned having cleared with an auction premium.,Currently no capacity has been made available on this point through the application of the congestion-management procedures.,2026-10-02T17:10:40+02:00,False,False,False,PRISMA,PRISMA,https://platform.prisma-capacity.eu/,No,,BE,BeLux,Cross-Border EU|EU,within EU,Dunkerque LNG,                ,FR-LSO-0001,FR,Cross-Border Transmission IP within EU,0,,5BE-TSO-0001ITP-00519entryFR-LSO-0001,5,,,be-tso-0001itp-00519entry
20,ITP-00526,VIRTUALYS,BE-TSO-0001,21X-BE-A-A0A0A-Y,Fluxys Belgium,entry,,,True,False,,False,,False,,,,,,,,21Z0000000004847,Virtualys,2017-12-01,2099-12-31,,1.000000,,11.300000,11.300000,,kWh/Nm³,,False,,True,,False,,True,,True,,True,,True,,,Currently there are no request for firm capacity products on this point with a duration of one month or longer that weren't successfully fulfilled.,Currently firm products with a duration of one month or longer are offered on this point in the regular allocation process.,Currently there are no firm capacity products on this point with a duration of one month or longer auctioned having cleared with an auction premium.,Currently no capacity has been made available on this point through the application of the congestion-management procedures.,2026-10-02T17:10:40+02:00,False,True,True,PRISMA,PRISMA,https://platform.prisma-capacity.eu/,No,,BE,BeLux,Cross-Border EU|EU,within EU,NaTran,21X-FR-A-A0A0A-S,FR-TSO-0003,FR,Cross-Border Transmission IP within EU,0,TRF,5BE-TSO-0001ITP-00526entryFR-TSO-0003,5,,,be-tso-0001itp-00526entry
21,ITP-00542,VIP Belgium - NCG,BE-TSO-0001,21X-BE-A-A0A0A-Y,Fluxys Belgium,entry,,,True,False,,False,,False,,,,,,,,21Z000000000497Z,Eynatten 2/VIP Belgium-NCG,2019-07-01,2022-03-31,,1.000000,,11.300000,11.300000,,kWh/Nm³,,False,,True,,False,,True,,True,,True,,True,,,Currently there are no request for firm capacity products on this point with a duration of one month or longer that weren't successfully fulfilled.,Currently firm products with a duration of one month or longer are offered on this point in the regular allocation process.,Currently there are no firm capacity products on this point with a duration of one month or longer auctioned having cleared with an auction premium.,Currently no capacity has been made available on this point through the application of the congestion-management procedures.,2026-10-02T17:10:40+02:00,False,True,True,PRISMA,PRISMA,https://platform.prisma-capacity.eu/,No,,BE,BeLux,Cross-Border EU|EU,within EU,OGE,21X-DE-C-A0A0A-T,DE-TSO-0009,DE,Cross-Border Transmission IP within EU,0,DE THE BZ,5BE-TSO-0001ITP-00542entryDE-TSO-0009,5,,,be-tso-0001itp-00542entry
22,ITP-00555,VIP BENE,BE-TSO-0001,21X-BE-A-A0A0A-Y,Fluxys Belgium,entry,,,True,False,,False,,False,,,,,,,,21Z000000000503T,VIP-BENE,2020-04-01,2099-12-31,,1.000000,,11.300000,11.300000,,kWh/Nm³,,False,,True,,False,,True,,True,,True,,True,,,Currently there are no request for firm capacity products on this point with a duration of one month or longer that weren't successfully fulfilled.,Currently firm products with a duration of one month or longer are offered on this point in the regular allocation process.,Currently there are no firm capacity products on this point with a duration of one month or longer auctioned having cleared with an auction premium.,Currently no capacity has been made available on this point through the application of the congestion-management procedures.,2026-10-02T17:10:40+02:00,False,True,True,PRISMA,PRISMA,https://platform.prisma-capacity.eu/,No,,BE,BeLux,Cross-Border EU|EU,within EU,GTS,21X-NL-A-A0A0A-Z,NL-TSO-0001,NL,Cross-Border Transmission IP within EU,0,Netherlands,5BE-TSO-0001ITP-00555entryNL-TSO-0001,5,,,be-tso-0001itp-00555entry
23,ITP-00614,VIP THE-ZTP,BE-TSO-0001,21X-BE-A-A0A0A-Y,Fluxys Belgium,entry,,,True,False,,False,,False,,,,,,,,21Z102938475601E,VIP THE-ZTP,2022-04-01,2099-12-31,,1.000000,,11.300000,11.300000,,kWh/Nm³,,False,,True,,False,,True,,True,,True,,True,,,Currently there are no request for firm capacity products on this point with a duration of one month or longer that weren't successfully fulfilled.,Currently firm products with a duration of one month or longer are offered on this point in the regular allocation process.,Currently there are no firm capacity products on this point with a duration of one month or longer auctioned having cleared with an auction premium.,Currently no capacity has been made available on this point through the application of the congestion-management procedures.,2026-10-02T17:10:40+02:00,False,True,True,PRISMA,PRISMA,https://platform.prisma-capacity.eu/,No,,BE,BeLux,Cross-Border EU|EU,within EU,OGE,21X-DE-C-A0A0A-T,DE-TSO-0009,DE,Cross-Border Transmission IP within EU,0,DE THE BZ,5BE-TSO-0001ITP-00614entryDE-TSO-0009,5,,,be-tso-0001itp-00614entry
24,ITP-00648,VIP BENE-L,BE-TSO-0001,21X-BE-A-A0A0A-Y,Fluxys Belgium,entry,,,True,False,,False,,False,,,,,,,,21Z000000000534I,VIP BENE-L,2023-04-01,2099-12-31,,1.000000,,11.300000,11.300000,,kWh/Nm³,,False,,True,,False,,True,,True,,True,,True,,,Currently there are no request for firm capacity products on this point with a duration of one month or longer that weren't successfully fulfilled.,Currently firm products with a duration of one month or longer are offered on this point in the regular allocation process.,Currently there are no firm capacity products on this point with a duration of one month or longer auctioned having cleared with an auction premium.,Currently no capacity has been made available on this point through the application of the congestion-management procedures.,2026-10-02T17:10:40+02:00,False,True,True,PRISMA,PRISMA,https://platform.prisma-capacity.eu/,No,,BE,L-Zone,Cross-Border EU|EU,within EU,GTS,21X-NL-A-A0A0A-Z,NL-TSO-0001,NL,Cross-Border Transmission IP within EU,0,Netherlands,5BE-TSO-0001ITP-00648entryNL-TSO-0001,5,,,be-tso-0001itp-00648entry
25,LNG-00005,Alveringem,BE-TSO-0001,21X-BE-A-A0A0A-Y,Fluxys Belgium,entry,,,True,True,2017-12-01,True,2017-12-01,False,,,,,False,,,21Z000000000359A,Alveringem-Maldegem,2015-11-01,2017-11-30,,1.000000,,11.300000,11.300000,,kWh/Nm³,,False,,True,,False,,True,,True,,True,,True,,,Currently there are no request for firm capacity products on this point with a duration of one month or longer that weren't successfully fulfilled.,Currently firm products with a duration of one month or longer are offered on this point in the regular allocation process.,Currently there are no firm capacity products on this point with a duration of one month or longer auctioned having cleared with an auction premium.,Currently no capacity has been made available on this point through the application of the congestion-management procedures.,2026-10-02T17:10:40+02:00,False,False,False,,,,No,,BE,BeLux,Cross-Border EU|EU,within EU,NaTran,21X-FR-A-A0A0A-S,FR-TSO-0003,FR,Cross-Border Transmission IP within EU,0,TRF,5BE-TSO-0001LNG-00005entryFR-TSO-0003,5,ITP-00526,VIRTUALYS,be-tso-0001lng-00005entry
26,LNG-00017,Zeebrugge LNG,BE-TSO-0001,21X-BE-A-A0A0A-Y,Fluxys Belgium,entry,,,True,False,,False,,False,,,,,,,,21Z0000000000082,Zeebrugge LNG Terminal,2000-01-01,2099-12-31,,1.000000,,11.300000,11.300000,,kWh/Nm³,,True,,True,,True,,True,,True,,True,,True,,,Currently there are no request for firm capacity products on this point with a duration of one month or longer that weren't successfully fulfilled.,Currently firm products with a duration of one month or longer are offered on this point in the regular allocation process.,Currently there are no firm capacity products on this point with a duration of one month or longer auctioned having cleared with an auction premium.,Currently no capacity has been made available on this point through the application of the congestion-management procedures.,2026-10-02T17:10:40+02:00,False,False,False,PRISMA,PRISMA,https://platform.prisma-capacity.eu/,No,,BE,BeLux,In-country EU,within EU,Fluxys LNG,                ,BE-LSO-0001,BE,LNG Entry point,2,,5BE-TSO-0001LNG-00017entryBE-LSO-0001,5,,,be-tso-0001lng-00017entry
27,UGS-00002,Loenhout Storage,BE-TSO-0001,21X-BE-A-A0A0A-Y,Fluxys Belgium,entry,,,True,False,,False,,False,,,,,,,,21Z000000000102A,Loenhout Storage,2000-01-01,2099-12-31,,1.000000,,11.300000,11.300000,,kWh/Nm³,,True,,True,,True,,True,,True,,True,,True,,,Currently there are no request for firm capacity products on this point with a duration of one month or longer that weren't successfully fulfilled.,Currently firm products with a duration of one month or longer are offered on this point in the regular allocation process.,Currently there are no firm capacity products on this point with a duration of one month or longer auctioned having cleared with an auction premium.,Currently no capacity has been made available on this point through the application of the congestion-management procedures.,2026-10-02T17:10:40+02:00,False,False,False,,,,No,,BE,BeLux,In-country EU,within EU,Fluxys SSO,                ,BE-SSO-0001,BE,Storage point,6,,5BE-TSO-0001UGS-00002entryBE-SSO-0001,5,,,be-tso-0001ugs-00002entry
28,VTP-00029,Zeebrugge Beach,BE-TSO-0001,21X-BE-A-A0A0A-Y,Fluxys Belgium,entry,,,True,False,,False,,False,,,,,,,,21Z0000000000090,Zeebrugge Beach,2000-01-01,2099-12-31,,1.000000,,11.300000,11.300000,,kWh/Nm³,,False,,True,,False,,True,,True,,True,,True,,,Currently there are no request for firm capacity products on this point with a duration of one month or longer that weren't successfully fulfilled.,Currently firm products with a duration of one month or longer are offered on this point in the regular allocation process.,Currently there are no firm capacity products on this point with a duration of one month or longer auctioned having cleared with an auction premium.,Currently no capacity has been made available on this point through the application of the congestion-management procedures.,2026-10-02T17:10:40+02:00,False,False,False,PRISMA,PRISMA,https://platform.prisma-capacity.eu/,No,,BE,BeLux,In-country EU,within EU,,,,BE,Trading Point,9,BeLux,5BE-TSO-0001VTP-00029entry,5,,,be-tso-0001vtp-00029entry
29,DIS-00191,Distribution (BE) H-zone,BE-TSO-0001,21X-BE-A-A0A0A-Y,Fluxys Belgium,exit,,,True,False,,False,,False,,,,,,,,21Y0000000000484,Distribution H-zone,2000-01-01,2099-12-31,,1.000000,,11.300000,11.300000,,kWh/Nm³,,False,,True,,False,,True,,True,,True,,True,,,Currently there are no request for firm capacity products on this point with a duration of one month or longer that weren't successfully fulfilled.,Currently firm products with a duration of one month or longer are offered on this point in the regular allocation process.,Currently there are no firm capacity products on this point with a duration of one month or longer auctioned having cleared with an auction premium.,Currently no capacity has been made available on this point through the application of the congestion-management procedures.,2026-10-02T17:10:40+02:00,False,False,False,,,,No,,BE,BeLux,In-country EU,within EU,,,,BE,Distribution Point,17,,5BE-TSO-0001DIS-00191exit,5,,,be-tso-0001dis-00191exit
30,DIS-00192,Distribution (BE) L-zone,BE-TSO-0001,21X-BE-A-A0A0A-Y,Fluxys Belgium,exit,,,True,False,,False,,False,,,,,,,,21Y0000000000476,Distribution L-zone,2000-01-01,2024-08-31,,1.000000,,11.300000,11.300000,,kWh/Nm³,,False,,True,,False,,True,,True,,True,,True,,,Currently there are no request for firm capacity products on this point with a duration of one month or longer that weren't successfully fulfilled.,Currently firm products with a duration of one month or longer are offered on this point in the regular allocation process.,Currently there are no firm capacity products on this point with a duration of one month or longer auctioned having cleared with an auction premium.,Currently no capacity has been made available on this point through the application of the congestion-management procedures.,2026-10-02T17:10:40+02:00,False,False,False,,,,No,,BE,L-Zone,In-country EU,within EU,,,,BE,Distribution Point,17,,5BE-TSO-0001DIS-00192exit,5,,,be-tso-0001dis-00192exit
31,FNC-00033,Final consumers (BE) (Fluxys) Industrial clients H-zone,BE-TSO-0001,21X-BE-A-A0A0A-Y,Fluxys Belgium,exit,,,True,False,,False,,False,,,,,,,,21Y0000000000468,Industrial clients H-zone,2000-01-01,2099-12-31,,1.000000,,11.300000,11.300000,,kWh/Nm³,,False,,True,,False,,True,,True,,True,,True,,,Currently there are no request for firm capacity products on this point with a duration of one month or longer that weren't successfully fulfilled.,Currently firm products with a duration of one month or longer are offered on this point in the regular allocation process.,Currently there are no firm capacity products on this point with a duration of one month or longer auctioned having cleared with an auction premium.,Currently no capacity has been made available on this point through the application of the congestion-management procedures.,2026-10-02T17:10:40+02:00,False,False,False,,,,No,,BE,BeLux,In-country EU,within EU,,,,BE,Aggregated Point - Final Consumers,18,,5BE-TSO-0001FNC-00033exit,5,,,be-tso-0001fnc-00033exit
32,FNC-00034,Final consumers (BE) (Fluxys) Industrial clients L-zone,BE-TSO-0001,21X-BE-A-A0A0A-Y,Fluxys Belgium,exit,,,True,False,,False,,False,,,,,,,,21Y000000000045A,Industrial clients L-zone,2000-01-01,2024-08-31,,1.000000,,11.300000,11.300000,,kWh/Nm³,,False,,True,,False,,True,,True,,True,,True,,,Currently there are no request for firm capacity products on this point with a duration of one month or longer that weren't successfully fulfilled.,Currently firm products with a duration of one month or longer are offered on this point in the regular allocation process.,Currently there are no firm capacity products on this point with a duration of one month or longer auctioned having cleared with an auction premium.,Currently no capacity has been made available on this point through the application of the congestion-management procedures.,2026-10-02T17:10:40+02:00,False,False,False,,,,No,,BE,L-Zone,In-country EU,within EU,,,,BE,Aggregated Point - Final Consumers,18,,5BE-TSO-0001FNC-00034exit,5,,,be-tso-0001fnc-00034exit
33,FNC-00035,Final consumers (BE) (Fluxys) Power Plants H-zone,BE-TSO-0001,21X-BE-A-A0A0A-Y,Fluxys Belgium,exit,,,True,False,,False,,False,,,,,,,,21Y000000000044C,Power Plants H-zone,2000-01-01,2099-12-31,,1.000000,,11.300000,11.300000,,kWh/Nm³,,False,,True,,False,,True,,True,,True,,True,,,Currently there are no request for firm capacity products on this point with a duration of one month or longer that weren't successfully fulfilled.,Currently firm products with a duration of one month or longer are offered on this point in the regular allocation process.,Currently there are no firm capacity products on this point with a duration of one month or longer auctioned having cleared with an auction premium.,Currently no capacity has been made available on this point through the application of the congestion-management procedures.,2026-10-02T17:10:40+02:00,False,False,False,,,,No,,BE,BeLux,In-country EU,within EU,,,,BE,Aggregated Point - Final Consumers,18,,5BE-TSO-0001FNC-00035exit,5,,,be-tso-0001fnc-00035exit
34,ITP-00038,Hilvarenbeek,BE-TSO-0001,21X-BE-A-A0A0A-Y,Fluxys Belgium,exit,,,True,True,2023-04-01,True,2023-04-01,False,,,,,False,,,21Z000000000243T,Hilvarenbeek,2000-01-01,2023-04-01,Result of the merger of Hilvarenbeek and Hilvarenbeek/Zandvliet-L (NL) / Hilvarenbeek (BE),1.000000,,11.300000,11.300000,,kWh/Nm³,,False,,True,,False,,True,,True,,True,,True,,,Currently there are no request for firm capacity products on this point with a duration of one month or longer that weren't successfully fulfilled.,Currently firm products with a duration of one month or longer are offered on this point in the regular allocation process.,Currently there are no firm capacity products on this point with a duration of one month or longer auctioned having cleared with an auction premium.,Currently no capacity has been made available on this point through the application of the congestion-management procedures.,2026-10-02T17:10:40+02:00,False,True,False,PRISMA,PRISMA,https://platform.prisma-capacity.eu/,Yes,,BE,L-Zone,Cross-Border EU|EU,within EU,GTS,21X-NL-A-A0A0A-Z,NL-TSO-0001,NL,Cross-Border Transmission IP within EU,0,Netherlands,5BE-TSO-0001ITP-00038exitNL-TSO-0001,5,ITP-00648,VIP BENE-L,be-tso-0001itp-00038exit
35,ITP-00061,Zeebrugge IZT,BE-TSO-0001,21X-BE-A-A0A0A-Y,Fluxys Belgium,exit,,,True,False,,False,,False,,,,,,,,21Z0000000000074,Zeebrugge IZT,2000-01-01,2099-12-31,,1.000000,,11.300000,11.300000,,kWh/Nm³,,False,,True,,False,,True,,True,,True,,True,,,Currently there are no request for firm capacity products on this point with a duration of one month or longer that weren't successfully fulfilled.,Currently firm products with a duration of one month or longer are offered on this point in the regular allocation process.,Currently there are no firm capacity products on this point with a duration of one month or longer auctioned having cleared with an auction premium.,Currently no capacity has been made available on this point through the application of the congestion-management procedures.,2026-10-02T17:10:40+02:00,False,True,True,PRISMA,PRISMA,https://platform.prisma-capacity.eu/,No,,BE,BeLux,Cross-Border EU|EU,Non-EU,Interconnector,21X-GB-B-A0A0A-Z,UK-TSO-0003,UK,Cross-Border Transmission IP between EU and ExtEU,23,IUK,5BE-TSO-0001ITP-00061exitUK-TSO-0003,5,,,be-tso-0001itp-00061exit
36,ITP-00088,Zandvliet H-gas,BE-TSO-0001,21X-BE-A-A0A0A-Y,Fluxys Belgium,exit,,,True,False,,False,,False,,,,,,,,21Z0000000001062,Zandvliet H,2000-01-01,2020-03-31,old name Zandvliet H-gas,1.000000,,11.300000,11.300000,,kWh/Nm³,,False,,True,,False,,True,,True,,True,,True,,,Currently there are no request for firm capacity products on this point with a duration of one month or longer that weren't successfully fulfilled.,Currently firm products with a duration of one month or longer are offered on this point in the regular allocation process.,Currently there are no firm capacity products on this point with a duration of one month or longer auctioned having cleared with an auction premium.,Currently no capacity has been made available on this point through the application of the congestion-management procedures.,2026-10-02T17:10:40+02:00,False,False,False,,,,Yes,,BE,BeLux,Cross-Border EU|EU,within EU,GTS,21X-NL-A-A0A0A-Z,NL-TSO-0001,NL,Cross-Border Transmission IP within EU,0,Netherlands,5BE-TSO-0001ITP-00088exitNL-TSO-0001,5,ITP-00555,VIP BENE,be-tso-0001itp-00088exit
37,ITP-00101,Zelzate,BE-TSO-0001,21X-BE-A-A0A0A-Y,Fluxys Belgium,exit,,,True,False,,False,,False,,,,,,,,21Z000000000019Y,Zelzate 1,2000-01-01,2020-03-31,,1.000000,,11.300000,11.300000,,kWh/Nm³,,False,,True,,False,,True,,True,,True,,True,,,Currently there are no request for firm capacity products on this point with a duration of one month or longer that weren't successfully fulfilled.,Currently firm products with a duration of one month or longer are offered on this point in the regular allocation process.,Currently there are no firm capacity products on this point with a duration of one month or longer auctioned having cleared with an auction premium.,Currently no capacity has been made available on this point through the application of the congestion-management procedures.,2026-10-02T17:10:40+02:00,False,False,False,,,,No,,BE,BeLux,Cross-Border EU|EU,within EU,GTS,21X-NL-A-A0A0A-Z,NL-TSO-0001,NL,Cross-Border Transmission IP within EU,0,Netherlands,5BE-TSO-0001ITP-00101exitNL-TSO-0001,5,,,be-tso-0001itp-00101exit
38,ITP-00106,Zeebrugge ZPT,BE-TSO-0001,21X-BE-A-A0A0A-Y,Fluxys Belgium,exit,,,True,False,,False,,False,,,,,,,,21Z000000000046V,Zeebrugge ZPT,2000-01-01,2099-12-31,,1.000000,,11.300000,11.300000,,kWh/Nm³,,True,,True,,True,,True,,True,,True,,True,,,Currently there are no request for firm capacity products on this point with a duration of one month or longer that weren't successfully fulfilled.,Currently firm products with a duration of one month or longer are offered on this point in the regular allocation process.,Currently there are no firm capacity products on this point with a duration of one month or longer auctioned having cleared with an auction premium.,Currently no capacity has been made available on this point through the application of the congestion-management procedures.,2026-10-02T17:10:40+02:00,False,False,False,PRISMA,PRISMA,https://platform.prisma-capacity.eu/,No,,BE,BeLux,Cross-Border EU|Non-EU,between EU and Non-EU,Gassco,                ,NO-TSO-0001,NO,Cross-Border Transmission IP between EU and Non-EU (import),1,,5BE-TSO-0001ITP-00106exitNO-TSO-0001,5,,,be-tso-0001itp-00106exit
39,ITP-00110,Zelzate (Zebra Pijpleiding),BE-TSO-0001,21X-BE-A-A0A0A-Y,Fluxys Belgium,exit,,,True,False,,False,,False,,,,,,,,21Z0000000000171,Zelzate 2,2000-01-01,2020-12-31,,1.000000,,11.300000,11.300000,,kWh/Nm³,,True,,True,,True,,True,,True,,True,,True,,,Currently there are no request for firm capacity products on this point with a duration of one month or longer that weren't successfully fulfilled.,Currently firm products with a duration of one month or longer are offered on this point in the regular allocation process.,Currently there are no firm capacity products on this point with a duration of one month or longer auctioned having cleared with an auction premium.,Currently no capacity has been made available on this point through the application of the congestion-management procedures.,2026-10-02T17:10:40+02:00,False,False,False,PRISMA,PRISMA,https://platform.prisma-capacity.eu/,No,,BE,BeLux,Cross-Border EU|EU,within EU,GTS,21X-NL-A-A0A0A-Z,NL-TSO-0001,NL,Cross-Border Transmission IP within EU,0,Netherlands,5BE-TSO-0001ITP-00110exitNL-TSO-0001,5,,,be-tso-0001itp-00110exit
40,ITP-00112,Eynatten 1 (BE) // Lichtenbusch / Raeren (DE),BE-TSO-0001,21X-BE-A-A0A0A-Y,Fluxys Belgium,exit,,,True,False,,False,,False,,,,,,,,21Z0000000000155,Eynatten 1,2000-01-01,2022-03-31,,1.000000,,11.300000,11.300000,,kWh/Nm³,,False,,True,,False,,True,,True,,True,,True,,,Currently there are no request for firm capacity products on this point with a duration of one month or longer that weren't successfully fulfilled.,Currently firm products with a duration of one month or longer are offered on this point in the regular allocation process.,Currently there are no firm capacity products on this point with a duration of one month or longer auctioned having cleared with an auction premium.,Currently no capacity has been made available on this point through the application of the congestion-management procedures.,2026-10-02T17:10:40+02:00,False,True,True,PRISMA,PRISMA,https://platform.prisma-capacity.eu/,No,,BE,BeLux,Cross-Border EU|EU,within EU,GASCADE,21X-DE-H-A0A0A-L,DE-TSO-0001,DE,Cross-Border Transmission IP within EU,0,DE THE BZ,5BE-TSO-0001ITP-00112exitDE-TSO-0001,5,,,be-tso-0001itp-00112exit
41,ITP-00113,GDLux (BE) / Bras Petange (LU),BE-TSO-0001,21X-BE-A-A0A0A-Y,Fluxys Belgium,exit,,,True,False,,False,,False,,,,,,,,21Z0000000001070,GDLux,2000-01-01,2099-12-31,,1.000000,,11.300000,11.300000,,kWh/Nm³,,True,,True,,True,,True,,True,,True,,True,,,Currently there are no request for firm capacity products on this point with a duration of one month or longer that weren't successfully fulfilled.,Currently firm products with a duration of one month or longer are offered on this point in the regular allocation process.,Currently there are no firm capacity products on this point with a duration of one month or longer auctioned having cleared with an auction premium.,Currently no capacity has been made available on this point through the application of the congestion-management procedures.,2026-10-02T17:10:40+02:00,False,False,False,,,,No,,BE,BeLux,Cross-Border EU|EU,within EU,Creos,21X000000001333E,LU-TSO-0001,LU,Transmission Point,5,BeLux,5BE-TSO-0001ITP-00113exitLU-TSO-0001,5,,,be-tso-0001itp-00113exit
42,ITP-00114,Blaregnies (BE) / Taisnières (H) (FR) (Segeo),BE-TSO-0001,21X-BE-A-A0A0A-Y,Fluxys Belgium,exit,,,True,True,2017-12-01,True,2017-12-01,False,,,,,False,,,21Z000000000012B,Blaregnies Segeo,2000-01-01,2017-11-30,,1.000000,,11.300000,11.300000,,kWh/Nm³,,True,,True,,True,,True,,True,,True,,True,,,Currently there are no request for firm capacity products on this point with a duration of one month or longer that weren't successfully fulfilled.,Currently firm products with a duration of one month or longer are offered on this point in the regular allocation process.,Currently there are no firm capacity products on this point with a duration of one month or longer auctioned having cleared with an auction premium.,Currently no capacity has been made available on this point through the application of the congestion-management procedures.,2026-10-02T17:10:40+02:00,False,False,False,,,,No,,BE,BeLux,Cross-Border EU|EU,within EU,NaTran,21X-FR-A-A0A0A-S,FR-TSO-0003,FR,Cross-Border Transmission IP within EU,0,TRF,5BE-TSO-0001ITP-00114exitFR-TSO-0003,5,,,be-tso-0001itp-00114exit
43,ITP-00115,Blaregnies L (BE) / Taisnières B (FR),BE-TSO-0001,21X-BE-A-A0A0A-Y,Fluxys Belgium,exit,,,True,False,,False,,False,,,,,,,,21Z000000000011D,Blaregnies L,2000-01-01,2099-12-31,,1.000000,,11.300000,11.300000,,kWh/Nm³,,False,,True,,False,,True,,True,,True,,True,,,Currently there are no request for firm capacity products on this point with a duration of one month or longer that weren't successfully fulfilled.,Currently firm products with a duration of one month or longer are offered on this point in the regular allocation process.,Currently there are no firm capacity products on this point with a duration of one month or longer auctioned having cleared with an auction premium.,Currently no capacity has been made available on this point through the application of the congestion-management procedures.,2026-10-02T17:10:40+02:00,False,True,True,PRISMA,PRISMA,https://platform.prisma-capacity.eu/,No,,BE,L-Zone,Cross-Border EU|EU,within EU,NaTran,21X-FR-A-A0A0A-S,FR-TSO-0003,FR,Cross-Border Transmission IP within EU,0,TRF,5BE-TSO-0001ITP-00115exitFR-TSO-0003,5,,,be-tso-0001itp-00115exit
44,ITP-00147,Blaregnies (H) (BE) / Taisnières (H) (FR) (Troll),BE-TSO-0001,21X-BE-A-A0A0A-Y,Fluxys Belgium,exit,,,True,True,2017-12-01,True,2017-12-01,False,,,,,False,,,21Z000000000010F,Blaregnies Troll,2000-01-01,2017-11-30,old name (Blaregnies (BE) / Taisnières H (FR) (Segeo/Troll)),1.000000,,11.300000,11.300000,,kWh/Nm³,,False,,True,,False,,True,,True,,True,,True,,,Currently there are no request for firm capacity products on this point with a duration of one month or longer that weren't successfully fulfilled.,Currently firm products with a duration of one month or longer are offered on this point in the regular allocation process.,Currently there are no firm capacity products on this point with a duration of one month or longer auctioned having cleared with an auction premium.,Currently no capacity has been made available on this point through the application of the congestion-management procedures.,2026-10-02T17:10:40+02:00,False,False,False,,,,No,,BE,BeLux,Cross-Border EU|EU,within EU,NaTran,21X-FR-A-A0A0A-S,FR-TSO-0003,FR,Cross-Border Transmission IP within EU,0,TRF,5BE-TSO-0001ITP-00147exitFR-TSO-0003,5,,,be-tso-0001itp-00147exit
45,ITP-00159,Eynatten 2 (BE) // Lichtenbusch / Raeren (DE),BE-TSO-0001,21X-BE-A-A0A0A-Y,Fluxys Belgium,exit,,,True,False,,False,,False,,,,,,,,21Z0000000000163,Eynatten 2,2000-01-01,2019-06-30,,1.000000,,11.300000,11.300000,,kWh/Nm³,,False,,True,,False,,True,,True,,True,,True,,,Currently there are no request for firm capacity products on this point with a duration of one month or longer that weren't successfully fulfilled.,Currently firm products with a duration of one month or longer are offered on this point in the regular allocation process.,Currently there are no firm capacity products on this point with a duration of one month or longer auctioned having cleared with an auction premium.,Currently no capacity has been made available on this point through the application of the congestion-management procedures.,2026-10-02T17:10:40+02:00,False,True,True,PRISMA,PRISMA,https://platform.prisma-capacity.eu/,No,,BE,BeLux,Cross-Border EU|EU,within EU,Thyssengas,21X-DE-G-A0A0A-U,DE-TSO-0002,DE,Cross-Border Transmission IP within EU,0,DE THE BZ,5BE-TSO-0001ITP-00159exitDE-TSO-0002,5,,,be-tso-0001itp-00159exit
46,ITP-00159,Eynatten 2 (BE) // Lichtenbusch / Raeren (DE),BE-TSO-0001,21X-BE-A-A0A0A-Y,Fluxys Belgium,exit,,,True,False,,False,,False,,,,,,,,21Z0000000000163,Eynatten 2,2000-01-01,2019-06-30,,1.000000,,11.300000,11.300000,,kWh/Nm³,,False,,True,,False,,True,,True,,True,,True,,,Currently there are no request for firm capacity products on this point with a duration of one month or longer that weren't successfully fulfilled.,Currently firm products with a duration of one month or longer are offered on this point in the regular allocation process.,Currently there are no firm capacity products on this point with a duration of one month or longer auctioned having cleared with an auction premium.,Currently no capacity has been made available on this point through the application of the congestion-management procedures.,2026-10-02T17:10:40+02:00,False,True,True,PRISMA,PRISMA,https://platform.prisma-capacity.eu/,No,,BE,BeLux,Cross-Border EU|EU,within EU,Fluxys TENP GmbH,21X000000001133M,DE-TSO-0007,DE,Cross-Border Transmission IP within EU,0,DE THE BZ,5BE-TSO-0001ITP-00159exitDE-TSO-0007,5,,,be-tso-0001itp-00159exit
47,ITP-00258,'s Gravenvoeren Dilsen (BE) // 's Gravenvoeren/Obbicht (NL),BE-TSO-0001,21X-BE-A-A0A0A-Y,Fluxys Belgium,exit,,,True,False,,False,,False,,,,,,,,21Z000000000169F,'s Gravenvoeren,2000-01-01,2020-03-31,old name s Gravenvoeren Dilsen (BE) // 's Gravenvoeren/Obbicht (NL),1.000000,,11.300000,11.300000,,kWh/Nm³,,False,,True,,False,,True,,True,,True,,True,,,Currently there are no request for firm capacity products on this point with a duration of one month or longer that weren't successfully fulfilled.,Currently firm products with a duration of one month or longer are offered on this point in the regular allocation process.,Currently there are no firm capacity products on this point with a duration of one month or longer auctioned having cleared with an auction premium.,Currently no capacity has been made available on this point through the application of the congestion-management procedures.,2026-10-02T17:10:40+02:00,False,False,False,,,,Yes,,BE,BeLux,Cross-Border EU|EU,within EU,GTS,21X-NL-A-A0A0A-Z,NL-TSO-0001,NL,Cross-Border Transmission IP within EU,0,Netherlands,5BE-TSO-0001ITP-00258exitNL-TSO-0001,5,,,be-tso-0001itp-00258exit
48,ITP-00289,BE Quality Conversion Point H-Zone,BE-TSO-0001,21X-BE-A-A0A0A-Y,Fluxys Belgium,exit,,,True,False,,False,,False,,,,,True,BE-TSO-0001/ITP-00290,Fluxys BelgiumBE Quality Conversion Point L-Zone,21Z000000000246N,Quality Conversion H,2000-01-01,2099-12-31,,1.000000,,11.300000,11.300000,,kWh/Nm³,,True,,True,,True,,True,,True,,True,,True,,,Currently there are no request for firm capacity products on this point with a duration of one month or longer that weren't successfully fulfilled.,Currently firm products with a duration of one month or longer are offered on this point in the regular allocation process.,Currently there are no firm capacity products on this point with a duration of one month or longer auctioned having cleared with an auction premium.,Currently no capacity has been made available on this point through the application of the congestion-management procedures.,2026-10-02T17:10:40+02:00,False,False,False,,,,No,,BE,BeLux,In-country EU,within EU,,,,BE,Transmission Point,5,L-Zone,5BE-TSO-0001ITP-00289exit,5,,,be-tso-0001itp-00289exit
49,ITP-00290,BE Quality Conversion Point L-Zone,BE-TSO-0001,21X-BE-A-A0A0A-Y,Fluxys Belgium,exit,,,True,False,,False,,False,,,,,,,,21Z000000000245P,Quality Conversion L,2000-01-01,2099-12-31,,1.000000,,11.300000,11.300000,,kWh/Nm³,,True,,True,,True,,True,,True,,True,,True,,,Currently there are no request for firm capacity products on this point with a duration of one month or longer that weren't successfully fulfilled.,Currently firm products with a duration of one month or longer are offered on this point in the regular allocation process.,Currently there are no firm capacity products on this point with a duration of one month or longer auctioned having cleared with an auction premium.,Currently no capacity has been made available on this point through the application of the congestion-management procedures.,2026-10-02T17:10:40+02:00,False,False,False,,,,No,,BE,L-Zone,In-country EU,within EU,,,,BE,Transmission Point,5,BeLux,5BE-TSO-0001ITP-00290exit,5,,,be-tso-0001itp-00290exit
50,ITP-00519,Dunkerque DKB (BE),BE-TSO-0001,21X-BE-A-A0A0A-Y,Fluxys Belgium,exit,,,True,False,,False,,False,,,,,,,,22Z20150428----L,Dunkirk LNG Terminal,2016-11-23,2099-12-31,,1.000000,,11.300000,11.300000,,kWh/Nm³,,False,,True,,False,,True,,True,,True,,True,,,Currently there are no request for firm capacity products on this point with a duration of one month or longer that weren't successfully fulfilled.,Currently firm products with a duration of one month or longer are offered on this point in the regular allocation process.,Currently there are no firm capacity products on this point with a duration of one month or longer auctioned having cleared with an auction premium.,Currently no capacity has been made available on this point through the application of the congestion-management procedures.,2026-10-02T17:10:40+02:00,False,False,False,,,,No,,BE,BeLux,Cross-Border EU|EU,within EU,Dunkerque LNG,                ,FR-LSO-0001,FR,Cross-Border Transmission IP within EU,0,,5BE-TSO-0001ITP-00519exitFR-LSO-0001,5,,,be-tso-0001itp-00519exit
51,ITP-00526,VIRTUALYS,BE-TSO-0001,21X-BE-A-A0A0A-Y,Fluxys Belgium,exit,,,True,False,,False,,False,,,,,,,,21Z0000000004847,Virtualys,2017-12-01,2099-12-31,,1.000000,,11.300000,11.300000,,kWh/Nm³,,False,,True,,False,,True,,True,,True,,True,,,Currently there are no request for firm capacity products on this point with a duration of one month or longer that weren't successfully fulfilled.,Currently firm products with a duration of one month or longer are offered on this point in the regular allocation process.,Currently there are no firm capacity products on this point with a duration of one month or longer auctioned having cleared with an auction premium.,Currently no capacity has been made available on this point through the application of the congestion-management procedures.,2026-10-02T17:10:40+02:00,False,True,True,PRISMA,PRISMA,https://platform.prisma-capacity.eu/,No,,BE,BeLux,Cross-Border EU|EU,within EU,NaTran,21X-FR-A-A0A0A-S,FR-TSO-0003,FR,Cross-Border Transmission IP within EU,0,TRF,5BE-TSO-0001ITP-00526exitFR-TSO-0003,5,,,be-tso-0001itp-00526exit
52,ITP-00542,VIP Belgium - NCG,BE-TSO-0001,21X-BE-A-A0A0A-Y,Fluxys Belgium,exit,,,True,False,,False,,False,,,,,,,,21Z000000000497Z,Eynatten 2/VIP Belgium-NCG,2019-07-01,2022-03-31,,1.000000,,11.300000,11.300000,,kWh/Nm³,,False,,True,,False,,True,,True,,True,,True,,,Currently there are no request for firm capacity products on this point with a duration of one month or longer that weren't successfully fulfilled.,Currently firm products with a duration of one month or longer are offered on this point in the regular allocation process.,Currently there are no firm capacity products on this point with a duration of one month or longer auctioned having cleared with an auction premium.,Currently no capacity has been made available on this point through the application of the congestion-management procedures.,2026-10-02T17:10:40+02:00,False,True,True,PRISMA,PRISMA,https://platform.prisma-capacity.eu/,No,,BE,BeLux,Cross-Border EU|EU,within EU,OGE,21X-DE-C-A0A0A-T,DE-TSO-0009,DE,Cross-Border Transmission IP within EU,0,DE THE BZ,5BE-TSO-0001ITP-00542exitDE-TSO-0009,5,,,be-tso-0001itp-00542exit
53,ITP-00555,VIP BENE,BE-TSO-0001,21X-BE-A-A0A0A-Y,Fluxys Belgium,exit,,,True,False,,False,,False,,,,,,,,21Z000000000503T,VIP-BENE,2020-04-01,2099-12-31,,1.000000,,11.300000,11.300000,,kWh/Nm³,,False,,True,,False,,True,,True,,True,,True,,,Currently there are no request for firm capacity products on this point with a duration of one month or longer that weren't successfully fulfilled.,Currently firm products with a duration of one month or longer are offered on this point in the regular allocation process.,Currently there are no firm capacity products on this point with a duration of one month or longer auctioned having cleared with an auction premium.,Currently no capacity has been made available on this point through the application of the congestion-management procedures.,2026-10-02T17:10:40+02:00,False,True,True,PRISMA,PRISMA,https://platform.prisma-capacity.eu/,No,,BE,BeLux,Cross-Border EU|EU,within EU,GTS,21X-NL-A-A0A0A-Z,NL-TSO-0001,NL,Cross-Border Transmission IP within EU,0,Netherlands,5BE-TSO-0001ITP-00555exitNL-TSO-0001,5,,,be-tso-0001itp-00555exit
54,ITP-00614,VIP THE-ZTP,BE-TSO-0001,21X-BE-A-A0A0A-Y,Fluxys Belgium,exit,,,True,False,,False,,False,,,,,,,,21Z102938475601E,VIP THE-ZTP,2022-04-01,2099-12-31,,1.000000,,11.300000,11.300000,,kWh/Nm³,,False,,True,,False,,True,,True,,True,,True,,,Currently there are no request for firm capacity products on this point with a duration of one month or longer that weren't successfully fulfilled.,Currently firm products with a duration of one month or longer are offered on this point in the regular allocation process.,Currently there are no firm capacity products on this point with a duration of one month or longer auctioned having cleared with an auction premium.,Currently no capacity has been made available on this point through the application of the congestion-management procedures.,2026-10-02T17:10:40+02:00,False,True,True,PRISMA,PRISMA,https://platform.prisma-capacity.eu/,No,,BE,BeLux,Cross-Border EU|EU,within EU,OGE,21X-DE-C-A0A0A-T,DE-TSO-0009,DE,Cross-Border Transmission IP within EU,0,DE THE BZ,5BE-TSO-0001ITP-00614exitDE-TSO-0009,5,,,be-tso-0001itp-00614exit
55,ITP-00648,VIP BENE-L,BE-TSO-0001,21X-BE-A-A0A0A-Y,Fluxys Belgium,exit,,,True,False,,False,,False,,,,,,,,21Z000000000534I,VIP BENE-L,2023-04-01,2099-12-31,,1.000000,,11.300000,11.300000,,kWh/Nm³,,False,,True,,False,,True,,True,,True,,True,,,Currently there are no request for firm capacity products on this point with a duration of one month or longer that weren't successfully fulfilled.,Currently firm products with a duration of one month or longer are offered on this point in the regular allocation process.,Currently there are no firm capacity products on this point with a duration of one month or longer auctioned having cleared with an auction premium.,Currently no capacity has been made available on this point through the application of the congestion-management procedures.,2026-10-02T17:10:40+02:00,False,True,False,PRISMA,PRISMA,https://platform.prisma-capacity.eu/,Yes,,BE,L-Zone,Cross-Border EU|EU,within EU,GTS,21X-NL-A-A0A0A-Z,NL-TSO-0001,NL,Cross-Border Transmission IP within EU,0,Netherlands,5BE-TSO-0001ITP-00648exitNL-TSO-0001,5,,,be-tso-0001itp-00648exit
56,LNG-00005,Alveringem,BE-TSO-0001,21X-BE-A-A0A0A-Y,Fluxys Belgium,exit,,,True,True,2017-12-01,True,2017-12-01,False,,,,,False,,,21Z000000000359A,Alveringem-Maldegem,2015-11-01,2017-11-30,,1.000000,,11.300000,11.300000,,kWh/Nm³,,False,,True,,False,,True,,True,,True,,True,,,Currently there are no request for firm capacity products on this point with a duration of one month or longer that weren't successfully fulfilled.,Currently firm products with a duration of one month or longer are offered on this point in the regular allocation process.,Currently there are no firm capacity products on this point with a duration of one month or longer auctioned having cleared with an auction premium.,Currently no capacity has been made available on this point through the application of the congestion-management procedures.,2026-10-02T17:10:40+02:00,False,False,False,,,,No,,BE,BeLux,Cross-Border EU|EU,within EU,NaTran,21X-FR-A-A0A0A-S,FR-TSO-0003,FR,Cross-Border Transmission IP within EU,0,TRF,5BE-TSO-0001LNG-00005exitFR-TSO-0003,5,ITP-00526,VIRTUALYS,be-tso-0001lng-00005exit
57,LNG-00017,Zeebrugge LNG,BE-TSO-0001,21X-BE-A-A0A0A-Y,Fluxys Belgium,exit,,,True,False,,False,,False,,,,,,,,21Z0000000000082,Zeebrugge LNG Terminal,2000-01-01,2099-12-31,,1.000000,,11.300000,11.300000,,kWh/Nm³,,True,,True,,True,,True,,True,,True,,True,,,Currently there are no request for firm capacity products on this point with a duration of one month or longer that weren't successfully fulfilled.,Currently firm products with a duration of one month or longer are offered on this point in the regular allocation process.,Currently there are no firm capacity products on this point with a duration of one month or longer auctioned having cleared with an auction premium.,Currently no capacity has been made available on this point through the application of the congestion-management procedures.,2026-10-02T17:10:40+02:00,False,False,False,PRISMA,PRISMA,https://platform.prisma-capacity.eu/,Yes,,BE,BeLux,In-country EU,within EU,,,,BE,LNG Entry point,2,,5BE-TSO-0001LNG-00017exit,5,,,be-tso-0001lng-00017exit
58,UGS-00002,Loenhout Storage,BE-TSO-0001,21X-BE-A-A0A0A-Y,Fluxys Belgium,exit,,,True,False,,False,,False,,,,,,,,21Z000000000102A,Loenhout Storage,2000-01-01,2099-12-31,,1.000000,,11.300000,11.300000,,kWh/Nm³,,True,,True,,True,,True,,True,,True,,True,,,Currently there are no request for firm capacity products on this point with a duration of one month or longer that weren't successfully fulfilled.,Currently firm products with a duration of one month or longer are offered on this point in the regular allocation process.,Currently there are no firm capacity products on this point with a duration of one month or longer auctioned having cleared with an auction premium.,Currently no capacity has been made available on this point through the application of the congestion-management procedures.,2026-10-02T17:10:40+02:00,False,False,False,,,,No,,BE,BeLux,In-country EU,within EU,Fluxys SSO,                ,BE-SSO-0001,BE,Storage point,6,,5BE-TSO-0001UGS-00002exitBE-SSO-0001,5,,,be-tso-0001ugs-00002exit
59,VTP-00029,Zeebrugge Beach,BE-TSO-0001,21X-BE-A-A0A0A-Y,Fluxys Belgium,exit,,,True,False,,False,,False,,,,,,,,21Z0000000000090,Zeebrugge Beach,2000-01-01,2099-12-31,,1.000000,,11.300000,11.300000,,kWh/Nm³,,False,,True,,False,,True,,True,,True,,True,,,Currently there are no request for firm capacity products on this point with a duration of one month or longer that weren't successfully fulfilled.,Currently firm products with a duration of one month or longer are offered on this point in the regular allocation process.,Currently there are no firm capacity products on this point with a duration of one month or longer auctioned having cleared with an auction premium.,Currently no capacity has been made available on this point through the application of the congestion-management procedures.,2026-10-02T17:10:40+02:00,False,False,False,PRISMA,PRISMA,https://platform.prisma-capacity.eu/,No,,BE,BeLux,In-country EU,within EU,,,,BE,Trading Point,9,BeLux,5BE-TSO-0001VTP-00029exit,5,,,be-tso-0001vtp-00029exit
